{
"H": {
    "a": [0.034900, 0.120100, 0.197000, 0.057300, 0.119500],
    "b": [0.534700, 3.586700, 12.347100, 18.952499, 38.626900]},
"He": {
    "a": [0.031700, 0.083800, 0.152600, 0.133400, 0.016400],
    "b": [0.250700, 1.475100, 4.493800, 12.664600, 31.165300]},
"Li": {
    "a": [0.075000, 0.224900, 0.554800, 1.495400, 0.935400],
    "b": [0.386400, 2.938300, 15.382900, 53.554501, 138.733704]},
"Be": {
    "a": [0.078000, 0.221000, 0.674000, 1.386700, 0.692500],
    "b": [0.313100, 2.238100, 10.151700, 30.906099, 78.327301]},
"B": {
    "a": [0.090900, 0.255100, 0.773800, 1.213600, 0.460600],
    "b": [0.299500, 2.115500, 8.381600, 24.129200, 63.131401]},
"C": {
    "a": [0.089300, 0.256300, 0.757000, 1.048700, 0.357500],
    "b": [0.246500, 1.710000, 6.409400, 18.611300, 50.252300]},
"N": {
    "a": [0.102200, 0.321900, 0.798200, 0.819700, 0.171500],
    "b": [0.245100, 1.748100, 6.192500, 17.389400, 48.143101]},
"O": {
    "a": [0.097400, 0.292100, 0.691000, 0.699000, 0.203900],
    "b": [0.206700, 1.381500, 4.694300, 12.710500, 32.472599]},
"F": {
    "a": [0.108300, 0.317500, 0.648700, 0.584600, 0.142100],
    "b": [0.205700, 1.343900, 4.278800, 11.393200, 28.788099]},
"Ne": {
    "a": [0.126900, 0.353500, 0.558200, 0.467400, 0.146000],
    "b": [0.220000, 1.377900, 4.020300, 9.493400, 23.127800]},
"Na": {
    "a": [0.214200, 0.685300, 0.769200, 1.658900, 1.448200],
    "b": [0.333400, 2.344600, 10.083000, 48.303699, 138.270004]},
"Mg": {
    "a": [0.231400, 0.686600, 0.967700, 2.188200, 1.133900],
    "b": [0.327800, 2.272000, 10.924100, 39.289799, 101.974800]},
"Al": {
    "a": [0.239000, 0.657300, 1.201100, 2.558600, 1.231200],
    "b": [0.313800, 2.106300, 10.416300, 34.455200, 98.534401]},
"Si": {
    "a": [0.251900, 0.637200, 1.379500, 2.508200, 1.050000],
    "b": [0.307500, 2.017400, 9.674600, 29.374399, 80.473198]},
"P": {
    "a": [0.254800, 0.610600, 1.454100, 2.320400, 0.847700],
    "b": [0.290800, 1.874000, 8.517600, 24.343399, 63.299599]},
"S": {
    "a": [0.249700, 0.562800, 1.389900, 2.186500, 0.771500],
    "b": [0.268100, 1.671100, 7.026700, 19.537701, 50.388802]},
"Cl": {
    "a": [0.244300, 0.539700, 1.391900, 2.019700, 0.662100],
    "b": [0.246800, 1.524200, 6.153700, 16.668699, 42.308601]},
"Ar": {
    "a": [0.238500, 0.501700, 1.342800, 1.889900, 0.607900],
    "b": [0.228900, 1.369400, 5.256100, 14.092800, 35.536098]},
"K": {
    "a": [0.411500, 1.403100, 2.278400, 2.674200, 2.216200],
    "b": [0.370300, 3.387400, 13.102900, 68.959198, 194.432907]},
"Ca": {
    "a": [0.405400, 1.388000, 2.160200, 3.753200, 2.206300],
    "b": [0.349900, 3.099100, 11.960800, 53.935299, 142.389206]},
"Sc": {
    "a": [0.378700, 1.218100, 2.059400, 3.261800, 2.387000],
    "b": [0.313300, 2.585600, 9.581300, 41.768799, 116.728203]},
"Ti": {
    "a": [0.382500, 1.259800, 2.000800, 3.061700, 2.069400],
    "b": [0.304000, 2.486300, 9.278300, 39.075100, 109.458298]},
"V": {
    "a": [0.387600, 1.275000, 1.910900, 2.831400, 1.897900],
    "b": [0.296700, 2.378000, 8.798100, 35.952801, 101.720100]},
"Cr": {
    "a": [0.404600, 1.369600, 1.894100, 2.080000, 1.219600],
    "b": [0.298600, 2.395800, 9.140600, 37.470100, 113.712097]},
"Mn": {
    "a": [0.379600, 1.209400, 1.781500, 2.542000, 1.593700],
    "b": [0.269900, 2.045500, 7.472600, 31.060400, 91.562202]},
"Fe": {
    "a": [0.394600, 1.272500, 1.703100, 2.314000, 1.479500],
    "b": [0.271700, 2.044300, 7.600700, 29.971399, 86.226501]},
"Co": {
    "a": [0.411800, 1.316100, 1.649300, 2.193000, 1.283000],
    "b": [0.274200, 2.037200, 7.720500, 29.968000, 84.938301]},
"Ni": {
    "a": [0.386000, 1.176500, 1.545100, 2.073000, 1.381400],
    "b": [0.247800, 1.766000, 6.310700, 25.220400, 74.314598]},
"Cu": {
    "a": [0.431400, 1.320800, 1.523600, 1.467100, 0.856200],
    "b": [0.269400, 1.922300, 7.347400, 28.989201, 90.624603]},
"Zn": {
    "a": [0.428800, 1.264600, 1.447200, 1.829400, 1.093400],
    "b": [0.259300, 1.799800, 6.750000, 25.586000, 73.528397]},
"Ga": {
    "a": [0.481800, 1.403200, 1.656100, 2.460500, 1.105400],
    "b": [0.282500, 1.978500, 8.754600, 32.523800, 98.552299]},
"Ge": {
    "a": [0.465500, 1.301400, 1.608800, 2.699800, 1.300300],
    "b": [0.264700, 1.792600, 7.607100, 26.554100, 77.523804]},
"As": {
    "a": [0.451700, 1.222900, 1.585200, 2.795800, 1.263800],
    "b": [0.249300, 1.643600, 6.815400, 22.368099, 62.039001]},
"Se": {
    "a": [0.447700, 1.167800, 1.584300, 2.808700, 1.195600],
    "b": [0.240500, 1.544200, 6.323100, 19.461000, 52.023300]},
"Br": {
    "a": [0.479800, 1.194800, 1.869500, 2.695300, 0.820300],
    "b": [0.250400, 1.596300, 6.965300, 19.849199, 50.323299]},
"Kr": {
    "a": [0.454600, 1.099300, 1.769600, 2.706800, 0.867200],
    "b": [0.230900, 1.427900, 5.944900, 16.675200, 42.224300]},
"Rb": {
    "a": [1.016000, 2.852800, 3.546600, -7.780400, 12.114800],
    "b": [0.485300, 5.092500, 25.785101, 130.451508, 138.677505]},
"Sr": {
    "a": [0.670300, 1.492600, 3.336800, 4.460000, 3.150100],
    "b": [0.319000, 2.228700, 10.350400, 52.329102, 151.221603]},
"Y": {
    "a": [0.689400, 1.547400, 3.245000, 4.212600, 2.976400],
    "b": [0.318900, 2.290400, 10.006200, 44.077099, 125.012001]},
"Zr": {
    "a": [0.671900, 1.468400, 3.166800, 3.955700, 2.892000],
    "b": [0.303600, 2.124900, 8.923600, 36.845798, 108.204903]},
"Nb": {
    "a": [0.612300, 1.267700, 3.034800, 3.384100, 2.368300],
    "b": [0.270900, 1.768300, 7.248900, 27.946501, 98.562401]},
"Mo": {
    "a": [0.677300, 1.479800, 3.178800, 3.082400, 1.838400], 
    "b": [0.292000, 2.060600, 8.112900, 30.533600, 100.065804]},
"Tc": {
    "a": [0.708200, 1.639200, 3.199300, 3.432700, 1.871100],
    "b": [0.297600, 2.210600, 8.524600, 33.145599, 96.637703]},
"Ru": {
    "a": [0.673500, 1.493400, 3.096600, 2.725400, 1.559700],
    "b": [0.277300, 1.971600, 7.324900, 26.689100, 90.558098]},
"Rh": {
    "a": [0.641300, 1.369000, 2.985400, 2.695200, 1.543300],
    "b": [0.258000, 1.772100, 6.385400, 23.254900, 85.151703]},
"Pd": {
    "a": [0.590400, 1.177500, 2.651900, 2.287500, 0.868900],
    "b": [0.232400, 1.501900, 5.159100, 15.542800, 46.821301]},
"Ag": {
    "a": [0.637700, 1.379000, 2.829400, 2.363100, 1.455300],
    "b": [0.246600, 1.697400, 5.765600, 20.094299, 76.737198]},
"Cd": {
    "a": [0.636400, 1.424700, 2.780200, 2.597300, 1.788600],
    "b": [0.240700, 1.682300, 5.658800, 20.721901, 69.110901]},
"In": {
    "a": [0.676800, 1.658900, 2.774000, 3.183500, 2.132600],
    "b": [0.252200, 1.854500, 6.293600, 25.145700, 84.544800]},
"Sn": {
    "a": [0.722400, 1.961000, 2.716100, 3.560300, 1.897200],
    "b": [0.265100, 2.060400, 7.301100, 27.549299, 81.334900]},
"Sb": {
    "a": [0.710600, 1.924700, 2.614900, 3.832200, 1.889900],
    "b": [0.256200, 1.964600, 6.885200, 24.764799, 68.916801]},
"Te": {
    "a": [0.694700, 1.869000, 2.535600, 4.001300, 1.895500],
    "b": [0.245900, 1.854200, 6.441100, 22.173000, 59.220600]},
"I": {
    "a": [0.704700, 1.948400, 2.594000, 4.152600, 1.505700],
    "b": [0.245500, 1.863800, 6.763900, 21.800699, 56.439499]},
"Xe": {
    "a": [0.673700, 1.790800, 2.412900, 4.210000, 1.705800],
    "b": [0.230500, 1.689000, 5.821800, 18.392799, 47.249599]},
"Cs": {
    "a": [1.270400, 3.801800, 5.661800, 0.920500, 4.810500],
    "b": [0.435600, 4.205800, 23.434200, 136.778305, 171.756104]},
"Ba": {
    "a": [0.904900, 2.607600, 4.849800, 5.160300, 4.738800],
    "b": [0.306600, 2.436300, 12.182100, 54.613499, 161.997803]},
"La": {
    "a": [0.840500, 2.386300, 4.613900, 5.151400, 4.794900],
    "b": [0.279100, 2.141000, 10.340000, 41.914799, 132.020401]},
"Ce": {
    "a": [0.855100, 2.391500, 4.577200, 5.027800, 4.511800],
    "b": [0.280500, 2.120000, 10.180800, 42.063301, 130.989304]},
"Pr": {
    "a": [0.909600, 2.531300, 4.526600, 4.637600, 4.369000],
    "b": [0.293900, 2.247100, 10.826600, 48.884201, 147.602005]},
"Nd": {
    "a": [0.880700, 2.418300, 4.444800, 4.685800, 4.172500],